class_names,epoch,tsne_1,tsne_2
0,0,-39.53932,16.41284
1,0,39.755432,22.876074
2,0,11.348574,3.729994
3,0,2.2018082,-46.110523
4,0,43.48402,-2.268882
5,0,12.603343,30.399977
A,0,19.948685,-22.672928
B,0,-18.590431,-30.06765
C,0,-11.340818,38.073784
D,0,-36.868225,-8.454113
E,0,-9.036252,15.208567
S,0,-1.3269789,-15.980382
0,10,-42.015114,17.304813
1,10,36.45291,22.837484
2,10,11.959877,6.486777
3,10,5.00004,-47.193672
4,10,42.290436,-8.244348
5,10,11.841531,28.384735
A,10,18.14074,-18.9082
B,10,-20.760971,-29.684643
C,10,-13.175972,43.86592
D,10,-34.368137,-0.76867247
E,10,-10.623557,14.947805
S,10,-5.4235206,-15.028544
0,11,-43.139347,20.944647
1,11,38.00287,22.142609
2,11,10.645467,2.11204
3,11,0.10217492,-47.351704
4,11,43.269623,-2.4623055
5,11,11.537962,32.65887
A,11,16.614635,-24.043945
B,11,-22.973179,-29.32088
C,11,-9.583431,40.71154
D,11,-36.538277,-1.5335157
E,11,-11.76231,10.424899
S,11,-6.4482746,-14.210456
0,12,-36.167877,18.100752
1,12,43.764523,22.84771
2,12,15.564405,3.6883168
3,12,-1.8197407,-48.59779
4,12,38.472233,-5.0559907
5,12,9.225955,35.44543
A,12,18.72,-22.382683
B,12,-24.518923,-24.710783
C,12,-11.947879,44.91169
D,12,-30.775467,-8.358277
E,12,-7.687723,14.626001
S,12,-3.1496582,-9.82727
0,13,-39.961353,20.37815
1,13,41.549988,20.455135
2,13,16.086866,1.4530308
3,13,-0.42093906,-46.494446
4,13,42.753323,-6.0840077
5,13,8.870462,31.115368
A,13,17.735294,-25.593666
B,13,-24.453932,-28.3094
C,13,-14.0496235,44.27203
D,13,-34.81923,-3.7644143
E,13,-14.2902155,10.918264
S,13,-0.01829216,-11.951879
0,14,-38.521996,16.788095
1,14,40.392517,17.525612
2,14,16.486626,8.463699
3,14,-0.9613135,-42.95468
4,14,41.193394,-1.0608718
5,14,10.38671,29.66397
A,14,19.12107,-20.126432
B,14,-19.587563,-29.7838
C,14,-9.845193,41.29234
D,14,-33.85081,-4.611769
E,14,-10.751649,11.798226
S,14,0.2635237,-11.624946
0,15,-42.5103,18.154034
1,15,42.02491,21.690935
2,15,11.98734,1.8866307
3,15,0.88688886,-50.32599
4,15,42.34207,-4.3929505
5,15,9.048761,28.769745
A,15,19.879656,-20.29975
B,15,-21.732883,-30.344057
C,15,-14.678529,40.094307
D,15,-31.57671,-1.6188955
E,15,-9.587254,6.914608
S,15,-0.18286924,-14.632031
0,16,-37.983177,18.918133
1,16,41.684227,18.872911
2,16,16.712687,8.29031
3,16,1.7253953,-45.46327
4,16,43.720123,-2.3055432
5,16,7.7694726,31.299202
A,16,17.97117,-19.124126
B,16,-22.010317,-31.16155
C,16,-10.464977,36.720417
D,16,-32.133606,-5.9677486
E,16,-8.64648,14.081193
S,16,-5.72425,-12.19181
0,17,-41.42641,19.894003
1,17,41.406887,21.101337
2,17,16.730368,4.2902184
3,17,-0.95286536,-44.86236
4,17,43.530457,-8.781842
5,17,12.676555,30.098186
A,17,17.42446,-24.035429
B,17,-22.188316,-29.889664
C,17,-11.675935,42.215797
D,17,-33.081238,-4.7674375
E,17,-13.514548,12.9564705
S,17,-6.8549156,-10.350846
0,18,-43.20045,15.886177
1,18,39.87862,20.478073
2,18,15.071961,7.627869
3,18,3.4688623,-41.82186
4,18,40.66298,-1.2221327
5,18,9.894402,34.921352
A,18,21.033209,-21.057697
B,18,-20.34451,-33.087128
C,18,-11.805492,40.537262
D,18,-35.04308,-5.773246
E,18,-11.859083,9.235326
S,18,0.8039055,-11.077351
0,19,-41.499477,18.362585
1,19,36.56861,20.18657
2,19,11.338158,7.0667467
3,19,3.0641394,-48.16721
4,19,39.37937,-8.731515
5,19,11.86917,33.376507
A,19,24.538185,-25.281328
B,19,-24.678865,-29.86026
C,19,-14.753237,44.926662
D,19,-35.03877,-3.6631572
E,19,-11.681317,12.537362
S,19,-1.7141756,-11.5552025
0,1,-39.241936,15.525243
1,1,38.915615,22.382872
2,1,16.173134,8.374774
3,1,3.657688,-42.967228
4,1,41.796635,-0.072866976
5,1,13.888761,31.5139
A,1,22.756287,-20.522429
B,1,-19.973291,-27.879797
C,1,-14.691885,45.105972
D,1,-30.729607,-7.2656646
E,1,-5.895451,12.677263
S,1,-0.3103028,-9.546681
0,20,-44.073055,17.921392
1,20,45.034153,21.150688
2,20,9.405647,3.7054336
3,20,-2.0047667,-43.477455
4,20,40.94316,-5.899098
5,20,9.96074,32.31675
A,20,20.484205,-23.579863
B,20,-20.984867,-24.508724
C,20,-6.896821,41.641136
D,20,-34.040855,-7.2196374
E,20,-10.036164,12.830255
S,20,-1.1963253,-16.145231
0,21,-36.118767,16.701508
1,21,40.32683,20.833971
2,21,14.854934,4.7293925
3,21,2.4256783,-49.694042
4,21,40.37787,-7.956194
5,21,8.079206,28.9426
A,21,21.189236,-20.23772
B,21,-19.188318,-25.302034
C,21,-12.945089,38.889557
D,21,-33.914864,-5.005911
E,21,-12.697043,9.34068
S,21,-6.608918,-9.871058
0,22,-37.646057,15.744476
1,22,44.148678,23.629267
2,22,17.060055,3.5348704
3,22,2.7740407,-42.06847
4,22,40.921078,-3.6596487
5,22,10.950922,28.463158
A,22,21.093525,-25.156157
B,22,-19.585941,-25.726751
C,22,-10.671316,41.565792
D,22,-36.128273,-6.5478272
E,22,-12.290344,11.691614
S,22,-6.254133,-11.832266
0,23,-39.58408,18.332727
1,23,44.066505,21.761925
2,23,10.81512,3.951149
3,23,5.655002,-48.46365
4,23,38.882004,-7.3624597
5,23,7.955371,28.996275
A,23,16.461807,-23.089233
B,23,-25.546177,-26.18091
C,23,-12.196684,40.6447
D,23,-31.683695,-2.484874
E,23,-6.742724,11.766094
S,23,-4.0455084,-12.167964
0,24,-37.45629,17.856535
1,24,36.701054,17.683638
2,24,14.173635,1.8933387
3,24,0.42483607,-48.13381
4,24,39.432724,-2.6813293
5,24,7.385152,29.52408
A,24,19.199707,-24.397715
B,24,-22.004333,-27.9001
C,24,-10.467718,43.99857
D,24,-30.234686,-3.7191257
E,24,-11.283626,7.69885
S,24,-3.7323577,-7.9282937
0,25,-35.492195,17.715942
1,25,43.17913,23.577118
2,25,14.31122,2.8177068
3,25,-1.2707968,-46.910824
4,25,36.52444,-5.7284875
5,25,8.120099,35.822746
A,25,20.70173,-28.041183
B,25,-18.959404,-26.49516
C,25,-13.387857,41.90358
D,25,-33.52405,-3.4512131
E,25,-8.215625,11.510783
S,25,-7.494898,-9.792716
0,26,-40.974796,17.94033
1,26,43.51794,20.949558
2,26,14.035557,1.2155057
3,26,-1.0918176,-45.398518
4,26,39.85223,-5.4113073
5,26,11.944558,34.3391
A,26,18.144459,-24.54333
B,26,-20.417185,-30.377064
C,26,-13.630001,40.44487
D,26,-37.9648,-6.351564
E,26,-11.089022,10.686819
S,26,-5.3335795,-11.360958
0,27,-37.106136,18.817171
1,27,38.397,18.6953
2,27,17.044563,3.5023189
3,27,-0.08337112,-41.716003
4,27,38.982285,-6.256894
5,27,10.464143,34.632267
A,27,16.90205,-25.362522
B,27,-25.109,-25.52372
C,27,-15.110251,44.418606
D,27,-36.682858,-7.6457705
E,27,-13.914437,10.344685
S,27,0.16473706,-14.647915
0,28,-39.21558,16.166607
1,28,38.361076,23.108486
2,28,15.611803,4.837001
3,28,1.2192405,-47.74427
4,28,40.684402,-6.66796
5,28,11.01363,31.66129
A,28,20.305597,-18.659233
B,28,-17.598406,-28.638737
C,28,-13.369362,40.95274
D,28,-37.847374,-8.461466
E,28,-11.542515,8.42112
S,28,0.26001027,-11.7200575
0,29,-42.602024,21.195873
1,29,43.343185,19.836517
2,29,16.05914,1.9907141
3,29,3.6459582,-50.044167
4,29,41.396267,-6.384188
5,29,10.618509,27.828367
A,29,19.862326,-23.340559
B,29,-22.80001,-32.914654
C,29,-14.202352,46.085243
D,29,-33.938797,-7.3678465
E,29,-11.822059,13.82105
S,29,-4.979237,-12.842579
0,2,-37.648777,19.394697
1,2,38.96105,23.264408
2,2,18.017046,3.4295914
3,2,2.0324466,-49.430176
4,2,39.48939,-4.5747666
5,2,14.00906,31.339859
A,2,19.045897,-20.926691
B,2,-20.734882,-30.78886
C,2,-14.805474,44.93614
D,2,-31.97474,-1.5334059
E,2,-11.246738,6.7152243
S,2,-5.009975,-8.724655
0,30,-38.7776,18.27146
1,30,39.913837,20.706268
2,30,11.572911,7.617554
3,30,4.627173,-47.505985
4,30,41.705544,-6.95322
5,30,11.626117,36.166416
A,30,22.445086,-22.868666
B,30,-23.618319,-27.269093
C,30,-12.673435,42.963215
D,30,-35.06326,-7.8619113
E,30,-9.039032,8.110886
S,30,-4.4077935,-8.631665
0,31,-44.40119,20.395857
1,31,40.604904,21.192432
2,31,10.0316725,6.838791
3,31,3.9406338,-45.88934
4,31,42.592537,-9.048725
5,31,7.3581944,34.20322
A,31,19.786266,-27.035042
B,31,-24.362629,-30.13505
C,31,-9.302593,39.82
D,31,-32.147728,-4.2429004
E,31,-11.638473,12.664598
S,31,-1.2135663,-9.999453
0,32,-39.211506,21.336884
1,32,39.265232,19.141447
2,32,14.644709,6.2070327
3,32,2.5026085,-45.6697
4,32,38.40694,-6.5878825
5,32,8.2213745,34.014214
A,32,19.110584,-21.07257
B,32,-20.63858,-32.451622
C,32,-12.6408825,44.520008
D,32,-36.357674,-4.927573
E,32,-10.876181,12.362496
S,32,-4.090533,-16.894417
0,33,-41.770462,16.872906
1,33,36.60712,23.218018
2,33,11.802082,3.248066
3,33,2.3948486,-43.32861
4,33,40.27425,-5.646709
5,33,12.897006,34.689358
A,33,20.735468,-22.15359
B,33,-19.10053,-27.757536
C,33,-8.989805,44.65723
D,33,-33.480385,-9.318947
E,33,-9.454606,15.797996
S,33,-3.3085222,-12.19476
0,34,-40.33194,15.263057
1,34,35.316605,18.858423
2,34,10.604744,5.7402396
3,34,-1.37646,-47.51187
4,34,44.7382,-4.4704537
5,34,12.222955,37.349464
A,34,20.368586,-21.759771
B,34,-20.834543,-32.8245
C,34,-13.348582,38.63444
D,34,-32.819073,-4.020228
E,34,-11.790015,8.91033
S,34,-0.5878175,-16.037903
0,35,-39.084267,21.166513
1,35,43.268776,19.654741
2,35,10.087178,4.065501
3,35,3.9312737,-46.163036
4,35,43.562176,-7.98649
5,35,8.460277,35.195343
A,35,15.465087,-22.887743
B,35,-20.965977,-26.355595
C,35,-15.040538,40.425232
D,35,-34.515068,-7.4162507
E,35,-13.593612,9.961572
S,35,-4.409994,-8.207784
0,36,-43.347458,17.130257
1,36,36.02247,18.16445
2,36,12.085982,6.265763
3,36,-3.1249256,-47.952747
4,36,36.754745,-4.2505465
5,36,11.026085,28.431229
A,36,22.448883,-24.305092
B,36,-18.31174,-30.354841
C,36,-12.707882,45.32327
D,36,-37.82796,-6.1515822
E,36,-8.703007,10.857494
S,36,-4.0395064,-13.707533
0,37,-39.65802,20.686556
1,37,37.37823,16.415472
2,37,17.638765,3.5531516
3,37,-0.040726457,-43.983166
4,37,41.220844,-3.2222667
5,37,13.526833,30.581999
A,37,17.205873,-21.113619
B,37,-22.269472,-29.86978
C,37,-9.81736,42.686157
D,37,-33.913643,-1.7069478
E,37,-12.965921,9.503581
S,37,-5.7600284,-8.659474
0,38,-39.23736,21.152933
1,38,36.705513,20.530787
2,38,16.737822,2.7177112
3,38,2.0510883,-47.51804
4,38,40.151558,-3.1692023
5,38,9.812145,32.14866
A,38,15.363901,-23.44916
B,38,-17.499636,-26.79567
C,38,-11.65482,44.019234
D,38,-34.052086,-2.7729
E,38,-6.729741,9.765875
S,38,-2.1200025,-13.180807
0,39,-36.649532,16.440418
1,39,35.23514,18.713081
2,39,15.565541,8.030807
3,39,2.3549945,-44.112732
4,39,40.80141,-4.8201284
5,39,9.795251,34.919136
A,39,20.367748,-25.815132
B,39,-21.989305,-31.62572
C,39,-13.937389,41.331696
D,39,-35.916767,-9.7636175
E,39,-7.8134117,14.163725
S,39,-6.0279655,-14.455366
0,3,-35.796005,17.177214
1,3,38.51174,17.583029
2,3,12.605792,4.622623
3,3,-1.194657,-45.93369
4,3,44.86239,-8.124534
5,3,12.594376,35.68047
A,3,17.06248,-26.472862
B,3,-19.76808,-25.655003
C,3,-8.609867,41.777786
D,3,-33.125687,-7.1091146
E,3,-10.025873,12.738106
S,3,-1.8735809,-16.973568
0,40,-44.06757,19.295748
1,40,38.502563,17.458399
2,40,12.481078,2.6248913
3,40,1.6700231,-44.165474
4,40,44.26094,-5.9589667
5,40,11.37952,36.280544
A,40,18.340496,-20.09182
B,40,-19.771635,-28.847055
C,40,-8.97701,43.51407
D,40,-33.644863,-6.6413026
E,40,-9.774833,7.926081
S,40,-6.5512643,-9.096475
0,41,-39.576378,17.034779
1,41,37.859425,17.053955
2,41,11.570401,2.8001208
3,41,-0.9144808,-45.51945
4,41,38.554306,-4.9706874
5,41,12.18763,31.967281
A,41,18.654547,-27.51208
B,41,-25.427847,-28.668293
C,41,-13.107391,41.294796
D,41,-34.36402,-2.5002103
E,41,-12.287627,12.0238285
S,41,-4.334705,-10.105813
0,42,-40.098965,17.053621
1,42,40.656666,22.16173
2,42,12.339636,6.7315793
3,42,1.8883017,-50.330013
4,42,41.91066,-6.808948
5,42,9.166613,28.190626
A,42,16.454718,-22.833166
B,42,-21.44606,-32.062824
C,42,-12.516145,43.391724
D,42,-37.684895,-4.282193
E,42,-8.293498,12.335583
S,42,-1.4573094,-15.466213
0,43,-37.813488,19.99267
1,43,40.606544,18.557356
2,43,12.830892,6.3236413
3,43,3.8581226,-48.85425
4,43,41.9944,-4.7438393
5,43,10.306239,34.354496
A,43,17.943966,-25.288593
B,43,-26.04295,-26.715685
C,43,-13.4008465,40.9037
D,43,-31.212719,-7.588485
E,43,-13.706893,10.990562
S,43,-2.0522702,-11.511623
0,44,-41.991993,21.485506
1,44,38.529152,20.489742
2,44,13.418271,3.9746535
3,44,3.703208,-47.78207
4,44,41.230984,-9.22338
5,44,13.9837055,33.65065
A,44,22.291155,-24.779358
B,44,-23.537085,-27.464106
C,44,-9.810699,41.76843
D,44,-31.949156,-7.825545
E,44,-14.345008,11.762302
S,44,-1.0475628,-13.488687
0,45,-43.19268,15.619327
1,45,41.78841,22.92739
2,45,12.072969,2.6362164
3,45,0.22632815,-44.161167
4,45,41.30861,-1.1113904
5,45,10.779123,27.957043
A,45,17.272932,-22.543457
B,45,-17.986258,-26.95064
C,45,-12.659136,42.166363
D,45,-32.315426,-6.1692557
E,45,-6.7018824,12.506182
S,45,-5.21461,-10.255751
0,46,-44.071564,17.246397
1,46,37.929325,18.58698
2,46,17.443554,3.393734
3,46,-2.0077496,-45.522953
4,46,38.932697,-2.9407322
5,46,10.774716,31.889765
A,46,19.406132,-23.904987
B,46,-22.542582,-30.257853
C,46,-13.548911,39.260544
D,46,-31.205437,-3.448222
E,46,-12.375565,11.507183
S,46,-3.82729,-7.902852
0,47,-38.143085,16.08717
1,47,41.4734,18.966265
2,47,14.626284,4.108067
3,47,-1.7655007,-45.53978
4,47,38.48973,-7.3095737
5,47,10.133733,28.411669
A,47,22.537634,-23.601185
B,47,-19.19078,-27.105879
C,47,-14.622227,40.28749
D,47,-33.325195,-1.8333763
E,47,-8.238508,7.1334796
S,47,-4.079812,-13.162511
0,48,-41.63857,14.27561
1,48,36.642113,17.249432
2,48,15.967566,5.2092314
3,48,3.2911386,-46.825176
4,48,41.42329,-4.2134223
5,48,13.367421,32.78511
A,48,18.31378,-24.090641
B,48,-25.950378,-30.454498
C,48,-10.359561,36.58786
D,48,-35.725735,-6.4051847
E,48,-12.763048,13.554802
S,48,-4.594571,-8.702229
0,49,-42.491592,18.445461
1,49,36.167435,22.320488
2,49,12.00168,6.846689
3,49,1.1706357,-42.559982
4,49,40.18699,-3.0081048
5,49,9.513461,28.912066
A,49,16.394188,-22.754787
B,49,-20.34523,-29.725039
C,49,-14.240989,38.84016
D,49,-35.077488,-8.976037
E,49,-9.525357,14.982318
S,49,-5.848574,-8.542213
0,4,-38.50141,17.703588
1,4,38.145935,20.36094
2,4,17.419249,2.0519052
3,4,1.528802,-45.86788
4,4,39.037365,-4.7307086
5,4,9.999831,33.255272
A,4,20.67461,-27.95283
B,4,-23.096033,-28.627262
C,4,-9.214862,39.302563
D,4,-33.588432,-1.085795
E,4,-12.817939,11.954983
S,4,-2.3619592,-13.57879
0,5,-37.960846,18.118368
1,5,40.442112,21.504082
2,5,14.889425,7.44706
3,5,2.9489508,-44.474022
4,5,42.60031,-6.708768
5,5,12.404725,33.189148
A,5,17.411196,-25.66221
B,5,-24.402964,-30.877287
C,5,-13.035162,42.90593
D,5,-38.109898,-7.7425485
E,5,-9.181449,8.681546
S,5,-1.8320054,-17.077871
0,6,-37.237423,18.201998
1,6,41.8489,17.96173
2,6,16.764519,3.2336595
3,6,2.255608,-42.984123
4,6,40.606182,-4.096737
5,6,8.946176,35.53575
A,6,21.773415,-26.254303
B,6,-17.45392,-29.423725
C,6,-12.314374,37.425686
D,6,-32.30427,-9.323613
E,6,-11.082671,14.926253
S,6,-2.9224522,-12.046269
0,7,-41.96693,16.714962
1,7,39.587303,19.540415
2,7,16.414913,3.151221
3,7,3.3858874,-44.97271
4,7,41.999,-2.2711928
5,7,11.297728,33.49862
A,7,20.632862,-21.937082
B,7,-18.14257,-28.309656
C,7,-10.723813,41.901123
D,7,-35.598278,-5.4733047
E,7,-12.799203,7.9542475
S,7,-1.4002877,-12.150863
0,8,-40.500366,19.846966
1,8,43.858532,19.940578
2,8,13.915871,6.353871
3,8,2.754744,-44.95517
4,8,39.86274,-6.817509
5,8,10.390703,33.92135
A,8,17.923426,-22.80202
B,8,-19.44735,-29.653688
C,8,-9.109772,41.5558
D,8,-35.14988,-6.752599
E,8,-11.430085,12.291832
S,8,-3.0332217,-17.149511
0,9,-42.792023,17.832054
1,9,36.603676,23.672045
2,9,16.840843,6.4600096
3,9,-0.5732608,-46.086445
4,9,40.201233,-3.054796
5,9,11.289464,30.738249
A,9,21.34354,-25.88362
B,9,-24.361452,-30.665592
C,9,-12.0570965,41.990883
D,9,-33.529568,-5.6271234
E,9,-12.853175,9.91812
S,9,-1.0191835,-14.934129
